{"mirror_0": [26.027589776310858, 38.44422135966179], "mirror_1": [37.29943643632835, 27.1723746996443], "mirror_2": [33.407099934521135, 31.0647112014515], "self_0": [29.71122448982923, 34.76058664614343], "self_1": [37.912162880229666, 26.55964825574299], "self_2": [29.084329333900087, 35.387481802072564], "popular_beater": [36.35279261721916, 28.119018518753492], "anti_popular_beater": [28.26747336945039, 36.20433776652226], "random_transitison_matrix": [34.48946318937063, 29.982347946602015], "determenistic_transitison_matrix": [30.49448385642849, 33.977327279544156], "random_self_trans_matrix": [31.760084573026717, 32.71172656294595], "determenistic_self_trans_matrix": [28.416781744454074, 36.055029391518595], "random_transitison_tensor": [28.095703055094116, 36.37610808087853], "determenistic_transitison_tensor": [30.65809183832335, 33.8137192976493], "random_self_trans_tensor": [32.03197107573686, 32.43984006023579], "determenistic_self_trans_tensor": [33.68772847041045, 30.784082665562206], "random_transitison_matrix_decay": [31.894436917537853, 32.5773742184348], "random_self_trans_matrix_decay": [33.06789374049376, 31.403917395478885], "random_transitison_tensor_decay": [33.4755254609028, 30.99628567506984], "random_self_trans_tensor_decay": [29.065153395753182, 35.40665774021948], "determenistic_transitison_matrix_decay": [32.12132030420361, 32.35049083176906], "determenistic_self_trans_matrix_decay": [36.61099538516084, 27.860815750811813], "determenistic_transitison_tensor_decay": [38.052966320055496, 26.418844815917154], "determenistic_self_trans_tensor_decay": [32.93235951221384, 31.539451623758808], "determenistic_pattern_matching_decay_3": [29.113101974519893, 35.35870916145276], "determenistic_self_pattern_matching_decay_3": [36.72023814815218, 27.751572987820463]}